Trellis.Year,Trellis.Account Level 2,Sum(Trellis.PY)
2014,Income from discontinued operations,206
2014,Income tax expenses,123
2014,Research and development expenses,178
2014,"Other financial income,net",134
2014,Cost of sales,122
2014,Other operating expenses,111
2014,Selling and general administrative expenses,-197
2014,(Blank),435
2014,Consulting revenue,121
2015,Software revenue,465
2015,Income from discontinued operations,306
2015,Income tax expenses,323
2015,Research and development expenses,228
2015,"Other financial income,net",234
2015,Cost of sales,222
2015,Support revenue,270
2015,Other operating expenses,211
2015,Selling and general administrative expenses,297
2015,Consulting revenue,-221
2016,Software revenue,565
2016,Income from discontinued operations,406
2016,Income tax expenses,423
2016,Research and development expenses,328
2016,"Other financial income,net",334
2016,Cost of sales,322
2016,Support revenue,370
2016,Other operating expenses,311
2016,Selling and general administrative expenses,397
2016,Consulting revenue,321